<?xml version="1.0" encoding="utf-8"?>
<eml:eml xmlns:eml="eml://ecoinformatics.org/eml-2.1.1" xmlns:xsi="http://www.w3.org/2001/XMLSchema-instance"
         xsi:schemaLocation="eml://ecoinformatics.org/eml-2.1.1 http://rs.gbif.org/schema/eml-gbif-profile/1.1/eml.xsd"
        packageId="10.15468/dl.u4t8wd"  system="http://gbif.org" scope="system"
  xml:lang="en">

<dataset>
        <alternateIdentifier>0153871-220831081235567</alternateIdentifier>
    <title>GBIF Occurrence Download 10.15468/dl.u4t8wd</title>
    <creator>
    <individualName>
          <surName>GBIF Download Service</surName>
    </individualName>
<electronicMailAddress>support@gbif.org</electronicMailAddress>    </creator>
    <metadataProvider>
    <individualName>
          <surName>GBIF Download Service</surName>
    </individualName>
<electronicMailAddress>support@gbif.org</electronicMailAddress>    </metadataProvider>
      <pubDate>
      2022-11-10
      </pubDate>
    <language>ENGLISH</language>
    <abstract>
        <para>A dataset containing all occurrences available in GBIF matching the query:
{
  &quot;and&quot; : [
    &quot;Country is Norway&quot;,
    &quot;InstitutionCode is one of (inaturalist, clo)&quot;,
    &quot;TaxonKey is Larus Linnaeus, 1758&quot;,
    &quot;Year 2006-2022&quot;
  ]
}
The dataset includes records from the following constituent datasets. The full metadata for each constituent is also included in this archive:
1 records from Macaulay Library Audio and Video Collection
1158 records from iNaturalist Research-grade Observations
57469 records from EOD – eBird Observation Dataset</para>
    </abstract>
      <contact>
    <individualName>
          <surName>GBIF Download Service</surName>
    </individualName>
<electronicMailAddress>support@gbif.org</electronicMailAddress>      </contact>

</dataset>

<additionalMetadata>
    <metadata>
      <gbif>
        <dateStamp>2022-11-10T18:02:51Z</dateStamp>
      <citation identifier="10.15468/dl.u4t8wd">GBIF Occurrence Download 10.15468/dl.u4t8wd</citation>
              <physical>
                  <objectName>Darwin Core Archive</objectName>
                  <characterEncoding>UTF-8</characterEncoding>
                  <dataFormat>
                      <externallyDefinedFormat>
                          <formatName>Darwin Core Archive</formatName>
                      </externallyDefinedFormat>
                  </dataFormat>
                  <distribution>
                      <online>
                          <url function="download">https://api.gbif.org/v1/occurrence/download/request/0153871-220831081235567.zip</url>
                      </online>
                  </distribution>
              </physical>
      </gbif>
    </metadata>
</additionalMetadata>

</eml:eml>
